테이블 이름,PcStory,,,,,,,,,,,
테이블 설명,캐릭터 이야기 테이블,,,,,,,,,,,
,,,,,,,,,,,,
,,,,,,,,,,,,
,string,int,string,string,string,string,string,string,string,string,DLG_START_TRIGGER_TYPE,string
,고유식별번호,이야기 고유 번호,이야기 파일 이름,이야기 설명,이야기 파일 이미지,이야기 파일 번호,연결된 후속 이야기 파일 키,이야기 시작 대화,이야기 종료 대화,개방 스테이지,이야기 개방 조건1,이야기 개방 조건 값1
,Key,StoryNo,StoryFileName,StoryDesc,StoryFileCharIcon,StoryFileNo,StoryFile_Next,StartStoryDialog,EndStoryDialog,DgStageOpen,DgStartTriggerType1,DgStartTriggerValue1
,Story_Char_AGS_Rampart_N_2_PECS_Fortune_1,7,1002200041,1002200078,InvenIcon_PECS_Fortune_N,1,Story_Char_AGS_Rampart_N_2_AGS_Rampart_2,Cut_ChCS-05Stage01_1,,,2,Char_AGS_Rampart_N
,Story_Char_AGS_Rampart_N_2_AGS_Rampart_2,8,1002200042,1002200079,InvenIcon_AGS_Rampart_N,2,Story_Char_AGS_Rampart_N_2_PECS_PuppHead_3,Cut_ChCS-05Stage02_1,,,6,Story_Char_AGS_Rampart_N_2_PECS_Fortune_1
,Story_Char_AGS_Rampart_N_2_PECS_PuppHead_3,9,1002200043,1002200080,InvenIcon_PECS_PuppHead_N,3,Story_Char_AGS_Rampart_N_2_PECS_Fortune_4,Cut_ChCS-05Stage03_1,,,6,Story_Char_AGS_Rampart_N_2_AGS_Rampart_2
,Story_Char_AGS_Rampart_N_2_PECS_Fortune_4,10,1002200044,1002200081,InvenIcon_PECS_Fortune_N,4,Story_Char_AGS_Rampart_N_2_AGS_Rampart_5,Cut_ChCS-05Stage04_1,,,6,Story_Char_AGS_Rampart_N_2_PECS_PuppHead_3
,Story_Char_AGS_Rampart_N_2_AGS_Rampart_5,11,1001700094,1002200082,InvenIcon_AGS_Rampart_N,5,Story_Char_AGS_Rampart_N_2_AGS_Rampart_6,Cut_ChCS-05Stage05_1,,ChCS-01Stage01,6,Story_Char_AGS_Rampart_N_2_PECS_Fortune_4
,Story_Char_AGS_Rampart_N_2_AGS_Rampart_6,12,1002200045,1002200083,InvenIcon_AGS_Rampart_SS1,6,,Cut_ChCS-05Stage06_1,,,6,Story_Char_AGS_Rampart_N_2_AGS_Rampart_5
,Story_Char_3P_ConstantiaS2_N_1_3P_ConstantiaS2_1,1,1002200046,1002200084,InvenIcon_3P_ConstantiaS2_N,1,Story_Char_3P_ConstantiaS2_N_1_BR_Amy_2,Cut_ChCS-06Stage01_1,,,8,Char_3P_ConstantiaS2_N
,Story_Char_3P_ConstantiaS2_N_1_BR_Amy_2,2,1002200047,1002200085,InvenIcon_BR_Amy_N,2,Story_Char_3P_ConstantiaS2_N_1_BR_Amy_3,Cut_ChCS-06Stage02_1,,,6,Story_Char_3P_ConstantiaS2_N_1_3P_ConstantiaS2_1
,Story_Char_3P_ConstantiaS2_N_1_BR_Amy_3,3,1002200048,1002200086,InvenIcon_BR_Amy_N,3,Story_Char_3P_ConstantiaS2_N_1_3P_ConstantiaS2_4,Cut_ChCS-06Stage03_1,,,6,Story_Char_3P_ConstantiaS2_N_1_BR_Amy_2
,Story_Char_3P_ConstantiaS2_N_1_3P_ConstantiaS2_4,4,1002200049,1002200087,InvenIcon_3P_ConstantiaS2_N,4,Story_Char_3P_ConstantiaS2_N_1_PECS_LRL_5,Cut_ChCS-06Stage04_1,,,6,Story_Char_3P_ConstantiaS2_N_1_BR_Amy_3
,Story_Char_3P_ConstantiaS2_N_1_PECS_LRL_5,5,1001700095,1002200088,InvenIcon_PECS_LRL_N,5,Story_Char_3P_ConstantiaS2_N_1_3P_ConstantiaS2_6,Cut_ChCS-06Stage05_1,,ChCS-01Stage02,6,Story_Char_3P_ConstantiaS2_N_1_3P_ConstantiaS2_4
,Story_Char_3P_ConstantiaS2_N_1_3P_ConstantiaS2_6,6,1002200050,1002200089,InvenIcon_3P_ConstantiaS2_N,6,,Cut_ChCS-06Stage06_1,,,6,Story_Char_3P_ConstantiaS2_N_1_PECS_LRL_5
,Story_Char_BR_Tomoe_N_3_BR_Tomoe_1,13,1002200051,1002200090,InvenIcon_BR_Tomoe_N,1,Story_Char_BR_Tomoe_N_3_PECS_LRL_2,Cut_ChCS-07Stage01_1,,,8,Char_BR_Tomoe_N
,Story_Char_BR_Tomoe_N_3_PECS_LRL_2,14,1002200052,1002200091,InvenIcon_PECS_LRL_N,2,Story_Char_BR_Tomoe_N_3_3P_ConstantiaS2_3,Cut_ChCS-07Stage02_1,,,6,Story_Char_BR_Tomoe_N_3_BR_Tomoe_1
,Story_Char_BR_Tomoe_N_3_3P_ConstantiaS2_3,15,1002200053,1002200092,InvenIcon_3P_ConstantiaS2_N,3,Story_Char_BR_Tomoe_N_3_PECS_LRL_4,Cut_ChCS-07Stage03_1,,,6,Story_Char_BR_Tomoe_N_3_PECS_LRL_2
,Story_Char_BR_Tomoe_N_3_PECS_LRL_4,16,1002200054,1002200093,InvenIcon_PECS_LRL_N,4,Story_Char_BR_Tomoe_N_3_3P_Alexandra_5,Cut_ChCS-07Stage04_1,,,6,Story_Char_BR_Tomoe_N_3_3P_ConstantiaS2_3
,Story_Char_BR_Tomoe_N_3_3P_Alexandra_5,17,1002200055,1002200094,InvenIcon_3P_Alexandra_N,5,Story_Char_BR_Tomoe_N_3_BR_Tomoe_6,Cut_ChCS-07Stage05_1,,,6,Story_Char_BR_Tomoe_N_3_PECS_LRL_4
,Story_Char_BR_Tomoe_N_3_BR_Tomoe_6,18,1002200056,1002200095,InvenIcon_BR_Tomoe_N,6,,Cut_ChCS-07Stage06_1,,,6,Story_Char_BR_Tomoe_N_3_3P_Alexandra_5
,Story_Char_BR_PA00EL_N_4_BR_PA00EL_1,19,1002200057,1002200096,InvenIcon_BR_PA00EL_N,1,Story_Char_BR_PA00EL_N_4_BR_PA00EL_2,Cut_ChCS-08Stage01_1,,,8,Char_BR_PA00EL_N
,Story_Char_BR_PA00EL_N_4_BR_PA00EL_2,20,1002200058,1002200097,InvenIcon_BR_PA00EL_N,2,Story_Char_BR_PA00EL_N_4_BR_NightAngel_3,Cut_ChCS-08Stage02_1,,,6,Story_Char_BR_PA00EL_N_4_BR_PA00EL_1
,Story_Char_BR_PA00EL_N_4_BR_NightAngel_3,21,1002200059,1002200098,InvenIcon_BR_NightAngel_N,3,Story_Char_BR_PA00EL_N_4_BR_PA00EL_4,Cut_ChCS-08Stage03_1,,,6,Story_Char_BR_PA00EL_N_4_BR_PA00EL_2
,Story_Char_BR_PA00EL_N_4_BR_PA00EL_4,22,1002200060,1002200099,InvenIcon_BR_PA00EL_N,4,Story_Char_BR_PA00EL_N_4_BR_Undine_5,Cut_ChCS-08Stage04_1,,,6,Story_Char_BR_PA00EL_N_4_BR_NightAngel_3
,Story_Char_BR_PA00EL_N_4_BR_Undine_5,23,1002200061,1002200100,InvenIcon_BR_Undine_N,5,Story_Char_BR_PA00EL_N_4_BR_Blackhound_6,Cut_ChCS-08Stage05_1,,,6,Story_Char_BR_PA00EL_N_4_BR_PA00EL_4
,Story_Char_BR_PA00EL_N_4_BR_Blackhound_6,24,1002200062,1002200101,InvenIcon_BR_Blackhound_N,6,,Cut_ChCS-08Stage06_1,,,6,Story_Char_BR_PA00EL_N_4_BR_Undine_5
,Story_Char_3P_Sowan_N_5_3P_BlackLilith_1,25,1002200063,1002200102,InvenIcon_3P_BlackLilith_N,1,Story_Char_3P_Sowan_N_5_3P_Sowan_2,Cut_ChCS-09Stage01_1,,,8,Char_3P_Sowan_N
,Story_Char_3P_Sowan_N_5_3P_Sowan_2,26,1002200064,1002200103,InvenIcon_3P_Sowan_N,2,Story_Char_3P_Sowan_N_5_3P_Vanilla_3,Cut_ChCS-09Stage02_1,,,6,Story_Char_3P_Sowan_N_5_3P_BlackLilith_1
,Story_Char_3P_Sowan_N_5_3P_Vanilla_3,27,1002200065,1002200104,InvenIcon_3P_Vanilla_N,3,Story_Char_3P_Sowan_N_5_3P_Hachiko_4,Cut_ChCS-09Stage03_1,,,6,Story_Char_3P_Sowan_N_5_3P_Sowan_2
,Story_Char_3P_Sowan_N_5_3P_Hachiko_4,28,1002200066,1002200105,InvenIcon_3P_Hachiko_N,4,Story_Char_3P_Sowan_N_5_3P_ConstantiaS2_5,Cut_ChCS-09Stage04_1,,,6,Story_Char_3P_Sowan_N_5_3P_Vanilla_3
,Story_Char_3P_Sowan_N_5_3P_ConstantiaS2_5,29,1002200067,1002200106,InvenIcon_3P_ConstantiaS2_N,5,Story_Char_3P_Sowan_N_5_3P_Sowan_6,Cut_ChCS-09Stage05_1,,,6,Story_Char_3P_Sowan_N_5_3P_Hachiko_4
,Story_Char_3P_Sowan_N_5_3P_Sowan_6,30,1002200068,1002200107,InvenIcon_3P_Sowan_N,6,,Cut_ChCS-09Stage06_1,Cut_ChCS-09Stage06_2,ChCS-02Stage01,6,Story_Char_3P_Sowan_N_5_3P_ConstantiaS2_5
,Story_Char_DS_Faucre_N_6_DS_Faucre_1,31,1002200069,1001700479,InvenIcon_DS_Faucre_N,1,Story_Char_DS_Faucre_N_6_BR_DrM_2,Cut_ChCS-10Stage01_1,,,8,Char_DS_Faucre_N
,Story_Char_DS_Faucre_N_6_BR_DrM_2,32,1002200070,1002200108,InvenIcon_BR_DrM_N,2,Story_Char_DS_Faucre_N_6_DS_Faucre_3,Cut_ChCS-10Stage02_1,,,6,Story_Char_DS_Faucre_N_6_DS_Faucre_1
,Story_Char_DS_Faucre_N_6_DS_Faucre_3,33,1002200071,1002200109,InvenIcon_DS_Faucre_N,3,Story_Char_DS_Faucre_N_6_3P_CSPerrault_4,Cut_ChCS-10Stage03_1,,,6,Story_Char_DS_Faucre_N_6_BR_DrM_2
,Story_Char_DS_Faucre_N_6_3P_CSPerrault_4,34,1002200072,1002200110,InvenIcon_3P_CSPerrault_N,4,Story_Char_DS_Faucre_N_6_DS_Faucre_5,Cut_ChCS-10Stage04_1,,ChCS-05Stage01,6,Story_Char_DS_Faucre_N_6_DS_Faucre_3
,Story_Char_DS_Faucre_N_6_DS_Faucre_5,35,1001700245,1002200111,InvenIcon_DS_Faucre_N,5,,Cut_ChCS-10Stage05_1,,,6,Story_Char_DS_Faucre_N_6_3P_CSPerrault_4
,Story_Char_DS_Baekto_N_7_3P_Fotia_1,36,1002200073,1001700480,InvenIcon_3P_Fotia_N,1,Story_Char_DS_Baekto_N_7_PECS_Fortune_2,Cut_ChCS-11Stage01_1,,,8,Char_DS_Baekto_N
,Story_Char_DS_Baekto_N_7_PECS_Fortune_2,37,1002200074,1002200112,InvenIcon_PECS_Fortune_N,2,Story_Char_DS_Baekto_N_7_3P_Sowan_3,Cut_ChCS-11Stage02_1,,,6,Story_Char_DS_Baekto_N_7_3P_Fotia_1
,Story_Char_DS_Baekto_N_7_3P_Sowan_3,38,1002200075,1002200113,InvenIcon_3P_Sowan_N,3,Story_Char_DS_Baekto_N_7_DS_Baekto_4,Cut_ChCS-11Stage03_1,,,6,Story_Char_DS_Baekto_N_7_PECS_Fortune_2
,Story_Char_DS_Baekto_N_7_DS_Baekto_4,39,1002200076,1002200114,InvenIcon_DS_Baekto_N,4,Story_Char_DS_Baekto_N_7_DS_Baekto_5,Cut_ChCS-11Stage04_1,,ChCS-06Stage01,6,Story_Char_DS_Baekto_N_7_3P_Sowan_3
,Story_Char_DS_Baekto_N_7_DS_Baekto_5,40,1002200077,1002200115,InvenIcon_DS_Baekto_N,5,,Cut_ChCS-11Stage05_1,,,6,Story_Char_DS_Baekto_N_7_DS_Baekto_4
,Story_Char_3P_Fenrir_N_8_3P_Fenrir_1,41,1002200145,1002200126,InvenIcon_3P_Fenrir_N,1,Story_Char_3P_Fenrir_N_8_3P_Fenrir_2,Cut_ChCS-12Stage01_1,,,8,Char_3P_Fenrir_N
,Story_Char_3P_Fenrir_N_8_3P_Fenrir_2,42,1002200146,1002200127,InvenIcon_3P_Fenrir_N,2,Story_Char_3P_Fenrir_N_8_3P_Fenrir_3,Cut_ChCS-12Stage02_1,,,6,Story_Char_3P_Fenrir_N_8_3P_Fenrir_1
,Story_Char_3P_Fenrir_N_8_3P_Fenrir_3,43,1002200147,1002200128,InvenIcon_3P_Fenrir_N,3,Story_Char_3P_Fenrir_N_8_PECS_ElvenForestmaker_4,Cut_ChCS-12Stage03_1,,,6,Story_Char_3P_Fenrir_N_8_3P_Fenrir_2
,Story_Char_3P_Fenrir_N_8_PECS_ElvenForestmaker_4,44,1002200148,1002200129,InvenIcon_PECS_ElvenForestmaker_N,4,Story_Char_3P_Fenrir_N_8_3P_Aurora_5,Cut_ChCS-12Stage04_1,,ChCS-07Stage01,6,Story_Char_3P_Fenrir_N_8_3P_Fenrir_3
,Story_Char_3P_Fenrir_N_8_3P_Aurora_5,45,1002200149,1002200130,InvenIcon_3P_Aurora_N,5,,Cut_ChCS-12Stage05_1,,,6,Story_Char_3P_Fenrir_N_8_PECS_ElvenForestmaker_4
,Story_Char_PECS_Circe_N_9_PECS_Circe_1,46,1002200150,1002200131,InvenIcon_PECS_Circe_N,1,Story_Char_PECS_Circe_N_9_PECS_Circe_2,Cut_ChCS-13Stage01_1,,,8,Char_PECS_Circe_N
,Story_Char_PECS_Circe_N_9_PECS_Circe_2,47,1002200151,1002200132,InvenIcon_PECS_Circe_N,2,Story_Char_PECS_Circe_N_9_PECS_Circe_3,Cut_ChCS-13Stage02_1,,,6,Story_Char_PECS_Circe_N_9_PECS_Circe_1
,Story_Char_PECS_Circe_N_9_PECS_Circe_3,48,1002200152,1002200133,InvenIcon_PECS_Circe_N,3,Story_Char_PECS_Circe_N_9_PECS_Circe_4,Cut_ChCS-13Stage03_1,,,6,Story_Char_PECS_Circe_N_9_PECS_Circe_2
,Story_Char_PECS_Circe_N_9_PECS_Circe_4,49,1002200153,1002200134,InvenIcon_PECS_Circe_N,4,Story_Char_PECS_Circe_N_9_PECS_DutchGirl_5,Cut_ChCS-13Stage04_1,,ChCS-08Stage01,6,Story_Char_PECS_Circe_N_9_PECS_Circe_3
,Story_Char_PECS_Circe_N_9_PECS_DutchGirl_5,50,1002200154,1000617607,InvenIcon_PECS_DutchGirl_N,5,,Cut_ChCS-13Stage05_1,,,6,Story_Char_PECS_Circe_N_9_PECS_Circe_4
,Story_Char_3P_Hachiko_N_10_3P_CSPerrault_1,51,1002200155,1002200135,InvenIcon_3P_CSPerrault_N,1,Story_Char_3P_Hachiko_N_10_PECS_ElvenForestmaker_2,Cut_ChCS-14Stage01_1,,,8,Char_3P_Hachiko_N
,Story_Char_3P_Hachiko_N_10_PECS_ElvenForestmaker_2,52,1002200156,1002200136,InvenIcon_PECS_ElvenForestmaker_N,2,Story_Char_3P_Hachiko_N_10_PECS_ElvenForestmaker_3,Cut_ChCS-14Stage02_1,,,6,Story_Char_3P_Hachiko_N_10_3P_CSPerrault_1
,Story_Char_3P_Hachiko_N_10_PECS_ElvenForestmaker_3,53,1002200157,1002200137,InvenIcon_PECS_ElvenForestmaker_N,3,Story_Char_3P_Hachiko_N_10_3P_Hachiko_4,Cut_ChCS-14Stage03_1,,ChCS-09Stage01,6,Story_Char_3P_Hachiko_N_10_PECS_ElvenForestmaker_2
,Story_Char_3P_Hachiko_N_10_3P_Hachiko_4,54,1002200158,1002200138,InvenIcon_3P_Hachiko_N,4,Story_Char_3P_Hachiko_N_10_3P_Alexandra_5,Cut_ChCS-14Stage04_1,,,6,Story_Char_3P_Hachiko_N_10_PECS_ElvenForestmaker_3
,Story_Char_3P_Hachiko_N_10_3P_Alexandra_5,55,1002200159,1002200139,InvenIcon_3P_Alexandra_N,5,,Cut_ChCS-14Stage05_1,,,6,Story_Char_3P_Hachiko_N_10_3P_Hachiko_4
,Story_Char_AGS_Rampart_N_11_PECS_Fortune_1,56,1002200160,1002200140,InvenIcon_PECS_Fortune_N,1,Story_Char_AGS_Rampart_N_11_AGS_Rampart_2,Cut_ChCS-15Stage01_1,,,2,Char_AGS_Rampart_N
,Story_Char_AGS_Rampart_N_11_AGS_Rampart_2,57,1002200161,1002200141,InvenIcon_AGS_Rampart_N,2,Story_Char_AGS_Rampart_N_11_BR_Scathy_3,Cut_ChCS-15Stage02_1,,,6,Story_Char_AGS_Rampart_N_11_PECS_Fortune_1
,Story_Char_AGS_Rampart_N_11_BR_Scathy_3,58,1002200162,1002200142,InvenIcon_BR_Scathy_N,3,Story_Char_AGS_Rampart_N_11_AGS_Albatross_4,Cut_ChCS-15Stage03_1,,,6,Story_Char_AGS_Rampart_N_11_AGS_Rampart_2
,Story_Char_AGS_Rampart_N_11_AGS_Albatross_4,59,1002200163,1002200143,InvenIcon_AGS_Albatross_N,4,Story_Char_AGS_Rampart_N_11_PECS_PuppHead_5,Cut_ChCS-15Stage04_1,,ChCS-10Stage01,6,Story_Char_AGS_Rampart_N_11_BR_Scathy_3
,Story_Char_AGS_Rampart_N_11_PECS_PuppHead_5,60,1002200164,1002200144,InvenIcon_PECS_PuppHead_N,5,,Cut_ChCS-15Stage05_1,,,6,Story_Char_AGS_Rampart_N_11_AGS_Albatross_4
,Story_Char_3P_Aurora_N_12_3P_Vanilla_1,61,1002200199,1001700723,InvenIcon_3P_Vanilla_N,1,Story_Char_3P_Aurora_N_12_3P_Aurora_2,Cut_ChCS-16Stage01_1,,,8,Char_3P_Aurora_N
,Story_Char_3P_Aurora_N_12_3P_Aurora_2,62,1002200200,1002200210,InvenIcon_3P_Aurora_N,2,Story_Char_3P_Aurora_N_12_3P_Sowan_3,Cut_ChCS-16Stage02_1,,,6,Story_Char_3P_Aurora_N_12_3P_Vanilla_1
,Story_Char_3P_Aurora_N_12_3P_Sowan_3,63,1002200201,1002200211,InvenIcon_3P_Sowan_N,3,Story_Char_3P_Aurora_N_12_BR_TalonFeather_4,Cut_ChCS-16Stage03_1,,,6,Story_Char_3P_Aurora_N_12_3P_Aurora_2
,Story_Char_3P_Aurora_N_12_BR_TalonFeather_4,64,1002200202,1002200212,InvenIcon_BR_TalonFeather_N,4,Story_Char_3P_Aurora_N_12_3P_Aurora_5,Cut_ChCS-16Stage04_1,,ChCS-11Stage01,6,Story_Char_3P_Aurora_N_12_3P_Sowan_3
,Story_Char_3P_Aurora_N_12_3P_Aurora_5,65,1002200203,1002200213,InvenIcon_3P_Aurora_N,5,,Cut_ChCS-16Stage05_1,,,6,Story_Char_3P_Aurora_N_12_BR_TalonFeather_4
,Story_Char_3P_CSPerrault_N_13_3P_Poi_1,66,1002200191,1002200214,InvenIcon_3P_Poi_N,1,Story_Char_3P_CSPerrault_N_13_3P_Hachiko_2,Cut_ChCS-17Stage01_1,,,8,Char_3P_CSPerrault_N
,Story_Char_3P_CSPerrault_N_13_3P_Hachiko_2,67,1002200192,1002200215,InvenIcon_3P_Hachiko_N,2,Story_Char_3P_CSPerrault_N_13_3P_CSPerrault_3,Cut_ChCS-17Stage02_1,,,6,Story_Char_3P_CSPerrault_N_13_3P_Poi_1
,Story_Char_3P_CSPerrault_N_13_3P_CSPerrault_3,68,1002200193,1002200216,InvenIcon_3P_CSPerrault_N,3,Story_Char_3P_CSPerrault_N_13_3P_BlackLilith_4,Cut_ChCS-17Stage03_1,,,6,Story_Char_3P_CSPerrault_N_13_3P_Hachiko_2
,Story_Char_3P_CSPerrault_N_13_3P_BlackLilith_4,69,1001700766,1001700767,InvenIcon_3P_BlackLilith_N,4,Story_Char_3P_CSPerrault_N_13_3P_CSPerrault_5,Cut_ChCS-17Stage04_1,,ChCS-12Stage01,6,Story_Char_3P_CSPerrault_N_13_3P_CSPerrault_3
,Story_Char_3P_CSPerrault_N_13_3P_CSPerrault_5,70,1002200208,1002200218,InvenIcon_3P_CSPerrault_N,5,,Cut_ChCS-17Stage05_1,,,6,Story_Char_3P_CSPerrault_N_13_3P_BlackLilith_4
,Story_Char_3P_BlackLilith_N_14_3P_BlackLilith_1,71,1002200262,1002200230,InvenIcon_3P_BlackLilith_N,1,Story_Char_3P_BlackLilith_N_14_BR_Gremlin_2,Cut_ChCS-18Stage01_1,,,8,Char_3P_BlackLilith_N
,Story_Char_3P_BlackLilith_N_14_BR_Gremlin_2,72,1002200263,1002200231,InvenIcon_BR_Gremlin_N,2,Story_Char_3P_BlackLilith_N_14_3P_CSPerrault_3,Cut_ChCS-18Stage02_1,,,6,Story_Char_3P_BlackLilith_N_14_3P_BlackLilith_1
,Story_Char_3P_BlackLilith_N_14_3P_CSPerrault_3,73,1002200264,1002200232,InvenIcon_3P_CSPerrault_N,3,Story_Char_3P_BlackLilith_N_14_3P_BlackLilith_4,Cut_ChCS-18Stage03_1,,,6,Story_Char_3P_BlackLilith_N_14_BR_Gremlin_2
,Story_Char_3P_BlackLilith_N_14_3P_BlackLilith_4,74,1002200265,1002200233,InvenIcon_3P_BlackLilith_N,4,Story_Char_3P_BlackLilith_N_14_3P_Poi_5,Cut_ChCS-18Stage04_1,,,6,Story_Char_3P_BlackLilith_N_14_3P_CSPerrault_3
,Story_Char_3P_BlackLilith_N_14_3P_Poi_5,75,1002200266,1002200234,InvenIcon_3P_Poi_N,5,Story_Char_3P_BlackLilith_N_14_3P_BlackLilith_6,Cut_ChCS-18Stage05_1,,ChCS-13Stage01,6,Story_Char_3P_BlackLilith_N_14_3P_BlackLilith_4
,Story_Char_3P_BlackLilith_N_14_3P_BlackLilith_6,76,1002200267,1002200235,InvenIcon_3P_BlackLilith_N,6,,Cut_ChCS-18Stage06_1,,,6,Story_Char_3P_BlackLilith_N_14_3P_Poi_5
,Story_Char_BR_Brownie_N_15_BR_Efreeti_1,77,1001700873,1001700874,InvenIcon_BR_Efreeti_N,1,Story_Char_BR_Brownie_N_15_BR_Brownie_2,Cut_ChCS-19Stage01_1,,,8,Char_BR_Brownie_N
,Story_Char_BR_Brownie_N_15_BR_Brownie_2,78,1002200268,1002200237,InvenIcon_BR_Brownie_N,2,Story_Char_BR_Brownie_N_15_BR_Leprechaun_3,Cut_ChCS-19Stage02_1,,,6,Story_Char_BR_Brownie_N_15_BR_Efreeti_1
,Story_Char_BR_Brownie_N_15_BR_Leprechaun_3,79,1002200269,1002200238,InvenIcon_BR_Leprechaun_N,3,Story_Char_BR_Brownie_N_15_BR_Brownie_4,Cut_ChCS-19Stage03_1,,,6,Story_Char_BR_Brownie_N_15_BR_Brownie_2
,Story_Char_BR_Brownie_N_15_BR_Brownie_4,80,1002200270,1002200239,InvenIcon_BR_Brownie_N,4,Story_Char_BR_Brownie_N_15_BR_Impet_5,Cut_ChCS-19Stage04_1,,ChCS-14Stage01,6,Story_Char_BR_Brownie_N_15_BR_Leprechaun_3
,Story_Char_BR_Brownie_N_15_BR_Impet_5,81,1002200271,1000637006,InvenIcon_BR_Impet_N,5,,Cut_ChCS-19Stage05_1,,,6,Story_Char_BR_Brownie_N_15_BR_Brownie_4
,Story_Char_PECS_Sekhmet_N_16_PECS_Sekhmet_1,82,1002200273,1002200274,InvenIcon_PECS_Sekhmet_N,1,,Cut_ChCS-20Stage01_1,,,8,Char_PECS_Sekhmet_N
,Story_Char_PECS_Triton_N_17_PECS_Triton_1,83,1002200276,1002200277,InvenIcon_PECS_Triton_N,1,,Cut_ChCS-21Stage01_1,,,2,Char_PECS_Triton_N
,Story_Char_3P_Hirume_N_18_3P_Hirume_1,84,1002200293,1002200281,InvenIcon_3P_Hirume_N,1,Story_Char_3P_Hirume_N_18_3P_Hachiko_2,Cut_ChCS-22Stage01_1,,,8,Char_3P_Hirume_N
,Story_Char_3P_Hirume_N_18_3P_Hachiko_2,85,1002200294,1002200282,InvenIcon_3P_Hachiko_N,2,Story_Char_3P_Hirume_N_18_3P_Hirume_3,Cut_ChCS-22Stage02_1,,,6,Story_Char_3P_Hirume_N_18_3P_Hirume_1
,Story_Char_3P_Hirume_N_18_3P_Hirume_3,86,1002200295,1002200283,InvenIcon_3P_Hirume_N,3,,Cut_ChCS-22Stage03_1,,,6,Story_Char_3P_Hirume_N_18_3P_Hachiko_2
,Story_Char_BR_NightAngel_N_19_BR_NightAngel_1,87,1002200296,1002200284,InvenIcon_BR_NightAngel_N,1,Story_Char_BR_NightAngel_N_19_BR_StratoAngel_2,Cut_ChCS-23Stage01_1,,,8,Char_BR_NightAngel_N
,Story_Char_BR_NightAngel_N_19_BR_StratoAngel_2,88,1002200297,1002200285,InvenIcon_BR_StratoAngel_N,2,Story_Char_BR_NightAngel_N_19_BR_NightAngel_3,Cut_ChCS-23Stage02_1,,,6,Story_Char_BR_NightAngel_N_19_BR_NightAngel_1
,Story_Char_BR_NightAngel_N_19_BR_NightAngel_3,89,1002200298,1002200286,InvenIcon_BR_NightAngel_N,3,,Cut_ChCS-23Stage03_1,,,6,Story_Char_BR_NightAngel_N_19_BR_StratoAngel_2
,Story_Char_BR_May_N_20_PECS_Muse_1,90,1002200303,1002200300,InvenIcon_PECS_Muse_N,1,Story_Char_BR_May_N_20_BR_May_2,Cut_ChCS-24Stage01_1,,,8,Char_BR_May_N
,Story_Char_BR_May_N_20_BR_May_2,91,1002200304,1002200301,InvenIcon_BR_May_N,2,Story_Char_BR_May_N_20_BR_May_3,Cut_ChCS-24Stage02_1,,,6,Story_Char_BR_May_N_20_PECS_Muse_1
,Story_Char_BR_May_N_20_BR_May_3,92,1002200305,1002200302,InvenIcon_BR_May_N,3,,Cut_ChCS-24Stage03_1,,,6,Story_Char_BR_May_N_20_BR_May_2
,Story_Char_BR_JangHwa_N_21_BR_JangHwa_1,93,1002200309,1002200310,InvenIcon_BR_JangHwa_N,1,,Cut_ChCS-25Stage01_1,,,8,Char_BR_JangHwa_N
,Story_Char_DS_KunoichiKaen_N_22_3P_Sowan_1,94,1002200313,1002200318,InvenIcon_3P_Sowan_N,1,Story_Char_DS_KunoichiKaen_N_22_3P_Alice_2,Cut_ChCS-26Stage01_1,,,8,Char_DS_KunoichiKaen_N
,Story_Char_DS_KunoichiKaen_N_22_3P_Alice_2,95,1002200314,1002200319,InvenIcon_3P_Alice_N,2,Story_Char_DS_KunoichiKaen_N_22_BR_Neodym_3,Cut_ChCS-26Stage02_1,,,6,Story_Char_DS_KunoichiKaen_N_22_3P_Sowan_1
,Story_Char_DS_KunoichiKaen_N_22_BR_Neodym_3,96,1002200315,1002200320,InvenIcon_BR_Neodym_N,3,Story_Char_DS_KunoichiKaen_N_22_BR_Emily_4,Cut_ChCS-26Stage03_1,,,6,Story_Char_DS_KunoichiKaen_N_22_3P_Alice_2
,Story_Char_DS_KunoichiKaen_N_22_BR_Emily_4,97,1002200316,1002200321,InvenIcon_BR_Emily_N,4,Story_Char_DS_KunoichiKaen_N_22_DS_KunoichiKaen_5,Cut_ChCS-26Stage04_1,,,6,Story_Char_DS_KunoichiKaen_N_22_BR_Neodym_3
,Story_Char_DS_KunoichiKaen_N_22_DS_KunoichiKaen_5,98,1002200317,1002200322,InvenIcon_DS_KunoichiKaen_N,5,,Cut_ChCS-26Stage05_1,,,6,Story_Char_DS_KunoichiKaen_N_22_BR_Emily_4
,Story_Char_BR_InvDragon_N_23_BR_Sirene_1,99,1002200329,1002200333,InvenIcon_BR_Sirene_N,1,Story_Char_BR_InvDragon_N_23_BR_Nereid_2,Cut_ChCS-27Stage01_1,,,8,Char_BR_InvDragon_N
,Story_Char_BR_InvDragon_N_23_BR_Nereid_2,100,1002200330,1002200334,InvenIcon_BR_Nereid_N,2,Story_Char_BR_InvDragon_N_23_BR_Undine_3,Cut_ChCS-27Stage02_1,,,6,Story_Char_BR_InvDragon_N_23_BR_Sirene_1
,Story_Char_BR_InvDragon_N_23_BR_Undine_3,101,1002200331,1002200335,InvenIcon_BR_Undine_N,3,Story_Char_BR_InvDragon_N_23_BR_InvDragon_4,Cut_ChCS-27Stage03_1,,,6,Story_Char_BR_InvDragon_N_23_BR_Nereid_2
,Story_Char_BR_InvDragon_N_23_BR_InvDragon_4,102,1002200332,1002200336,InvenIcon_BR_InvDragon_N,4,,Cut_ChCS-27Stage04_1,,,6,Story_Char_BR_InvDragon_N_23_BR_Undine_3
,Story_Char_PECS_Sonia_N_24_PECS_Sekhmet_1,103,1002200345,1002200342,InvenIcon_PECS_Sekhmet_N,1,Story_Char_PECS_Sonia_N_24_PECS_Sadius_2,Cut_ChCS-28Stage01_1,,,2,Char_PECS_Sonia_N
,Story_Char_PECS_Sonia_N_24_PECS_Sadius_2,104,1002200346,1002200343,InvenIcon_PECS_Sadius_N,2,Story_Char_PECS_Sonia_N_24_PECS_Sonia_3,Cut_ChCS-28Stage02_1,,,6,Story_Char_PECS_Sonia_N_24_PECS_Sekhmet_1
,Story_Char_PECS_Sonia_N_24_PECS_Sonia_3,105,1002200347,1002200344,InvenIcon_PECS_Sonia_N,3,,Cut_ChCS-28Stage03_1,,,6,Story_Char_PECS_Sonia_N_24_PECS_Sadius_2
,Story_Char_AGS_Goltarion_N_25_BR_Harpy_1,106,1002200351,1002200361,InvenIcon_BR_Harpy_N,1,Story_Char_AGS_Goltarion_N_25_3P_Sowan_2,Cut_ChCS-29Stage01_1,,,2,Char_AGS_Goltarion_N
,Story_Char_AGS_Goltarion_N_25_3P_Sowan_2,107,1002200352,1002200362,InvenIcon_3P_Sowan_N,2,Story_Char_AGS_Goltarion_N_25_AGS_MrAlfred2_3,Cut_ChCS-29Stage02_1,,,6,Story_Char_AGS_Goltarion_N_25_BR_Harpy_1
,Story_Char_AGS_Goltarion_N_25_AGS_MrAlfred2_3,108,1002200353,1002200363,InvenIcon_AGS_MrAlfred2_N,3,Story_Char_AGS_Goltarion_N_25_AGS_Goltarion_4,Cut_ChCS-29Stage03_1,,,6,Story_Char_AGS_Goltarion_N_25_3P_Sowan_2
,Story_Char_AGS_Goltarion_N_25_AGS_Goltarion_4,109,1002200354,1002200364,InvenIcon_AGS_Goltarion_N,4,Story_Char_AGS_Goltarion_N_25_DS_Faucre_5,Cut_ChCS-29Stage04_1,,,6,Story_Char_AGS_Goltarion_N_25_AGS_MrAlfred2_3
,Story_Char_AGS_Goltarion_N_25_DS_Faucre_5,110,1002200355,1002200365,InvenIcon_DS_Faucre_N,5,,Cut_ChCS-29Stage05_1,,,6,Story_Char_AGS_Goltarion_N_25_AGS_Goltarion_4
,Story_Char_BR_Marie_N_26_BR_Habetrot_1,111,1002200356,1002200366,InvenIcon_BR_Habetrot_NS1,1,Story_Char_BR_Marie_N_26_BR_Efreeti_2,Cut_ChCS-30Stage01_1,,,2,Char_BR_Marie_N
,Story_Char_BR_Marie_N_26_BR_Efreeti_2,112,1002200357,1002200367,InvenIcon_BR_Efreeti_N,2,Story_Char_BR_Marie_N_26_3P_Labiata_3,Cut_ChCS-30Stage02_1,,,6,Story_Char_BR_Marie_N_26_BR_Habetrot_1
,Story_Char_BR_Marie_N_26_3P_Labiata_3,113,1002200358,1002200368,InvenIcon_3P_Labiata_N,3,Story_Char_BR_Marie_N_26_BR_Brownie_4,Cut_ChCS-30Stage03_1,,,6,Story_Char_BR_Marie_N_26_BR_Efreeti_2
,Story_Char_BR_Marie_N_26_BR_Brownie_4,114,1002200359,1002200369,InvenIcon_BR_Brownie_N,4,Story_Char_BR_Marie_N_26_BR_Marie_5,Cut_ChCS-30Stage04_1,,,6,Story_Char_BR_Marie_N_26_3P_Labiata_3
,Story_Char_BR_Marie_N_26_BR_Marie_5,115,1002200360,1002200370,InvenIcon_BR_Marie_N,5,,Cut_ChCS-30Stage05_1,,,6,Story_Char_BR_Marie_N_26_BR_Brownie_4
,Story_Char_DS_Johanna_N_27_DS_Johanna_1,116,1002200384,1002200389,InvenIcon_DS_Johanna_N,1,Story_Char_DS_Johanna_N_27_DS_Johanna_2,Cut_ChCS-31Stage01_1,,,2,Char_DS_Johanna_N
,Story_Char_DS_Johanna_N_27_DS_Johanna_2,117,1002200385,1002200390,InvenIcon_DS_Johanna_N,2,Story_Char_DS_Johanna_N_27_DS_Johanna_3,Cut_ChCS-31Stage02_1,,,6,Story_Char_DS_Johanna_N_27_DS_Johanna_1
,Story_Char_DS_Johanna_N_27_DS_Johanna_3,118,1002200386,1002200391,InvenIcon_DS_Johanna_N,3,Story_Char_DS_Johanna_N_27_DS_Johanna_4,Cut_ChCS-31Stage03_1,,,6,Story_Char_DS_Johanna_N_27_DS_Johanna_2
,Story_Char_DS_Johanna_N_27_DS_Johanna_4,119,1002200387,1002200392,InvenIcon_DS_Johanna_N,4,Story_Char_DS_Johanna_N_27_DS_Johanna_5,Cut_ChCS-31Stage04_1,,,6,Story_Char_DS_Johanna_N_27_DS_Johanna_3
,Story_Char_DS_Johanna_N_27_DS_Johanna_5,120,1002200388,1002200393,InvenIcon_DS_Johanna_N,5,,Cut_ChCS-31Stage05_1,,,6,Story_Char_DS_Johanna_N_27_DS_Johanna_4
,Story_Char_BR_Vargr_N_28_PECS_Leanne_1,121,1002200406,1002200409,InvenIcon_PECS_Leanne_N,1,Story_Char_BR_Vargr_N_28_BR_Cheona_2,Cut_ChCS-32Stage01_1,,,2,Char_BR_Vargr_N
,Story_Char_BR_Vargr_N_28_BR_Cheona_2,122,1002200407,1002200410,InvenIcon_BR_Cheona_N,2,Story_Char_BR_Vargr_N_28_BR_Vargr_3,Cut_ChCS-32Stage02_1,,,6,Story_Char_BR_Vargr_N_28_PECS_Leanne_1
,Story_Char_BR_Vargr_N_28_BR_Vargr_3,123,1002200408,1002200411,InvenIcon_BR_Vargr_N,3,,Cut_ChCS-32Stage03_1,,,6,Story_Char_BR_Vargr_N_28_BR_Cheona_2
,Story_Char_PECS_Mnemosyne_N_29_PECS_Mnemosyne_1,124,1002200416,1002200419,InvenIcon_PECS_Mnemosyne_N,1,Story_Char_PECS_Mnemosyne_N_29_PECS_Mnemosyne_2,Cut_ChCS-33Stage01_1,,,8,Char_PECS_Mnemosyne_N
,Story_Char_PECS_Mnemosyne_N_29_PECS_Mnemosyne_2,125,1002200417,1002200420,InvenIcon_PECS_Mnemosyne_N,2,Story_Char_PECS_Mnemosyne_N_29_PECS_Mnemosyne_3,Cut_ChCS-33Stage02_1,,,6,Story_Char_PECS_Mnemosyne_N_29_PECS_Mnemosyne_1
,Story_Char_PECS_Mnemosyne_N_29_PECS_Mnemosyne_3,126,1002200418,1002200421,InvenIcon_PECS_Mnemosyne_N,3,,Cut_ChCS-33Stage03_1,,,6,Story_Char_PECS_Mnemosyne_N_29_PECS_Mnemosyne_2
,Story_Char_DS_Cloverace_N_30_DS_Cloverace_1,127,1002200426,1002200431,InvenIcon_DS_Arman_NS1,1,Story_Char_DS_Cloverace_N_30_DS_Cloverace_N_2,Cut_ChCS-34Stage01_1,,,2,Char_DS_Cloverace_N
,Story_Char_DS_Cloverace_N_30_DS_Cloverace_2,128,1002200427,1002200432,InvenIcon_DS_Cloverace_N,2,Story_Char_DS_Cloverace_N_30_DS_Cloverace_N_3,Cut_ChCS-34Stage02_1,,,6,Story_Char_DS_Cloverace_N_30_DS_Cloverace_1
,Story_Char_DS_Cloverace_N_30_DS_Cloverace_3,129,1002200428,1002200433,InvenIcon_DS_Cloverace_N,3,Story_Char_DS_Cloverace_N_30_DS_Arman_N_4,Cut_ChCS-34Stage03_1,,,6,Story_Char_DS_Cloverace_N_30_DS_Cloverace_2
,Story_Char_DS_Cloverace_N_30_DS_Arman_4,130,1002200429,1002200434,InvenIcon_DS_Arman_N,4,Story_Char_DS_Cloverace_N_30_DS_Cloverace_N_5,Cut_ChCS-34Stage04_1,,,6,Story_Char_DS_Cloverace_N_30_DS_Cloverace_3
,Story_Char_DS_Cloverace_N_30_DS_Cloverace_5,131,1002200430,1002200435,InvenIcon_DS_Cloverace_N,5,,Cut_ChCS-34Stage05_1,,,6,Story_Char_DS_Cloverace_N_30_DS_Arman_4
,Story_Char_PECS_Cerberus_N_31_PECS_Cerberus_1,132,1002200442,1002200447,InvenIcon_PECS_Cerberus_N,1,Story_Char_PECS_Cerberus_N_31_PECS_MightyR_2,Cut_ChCS-35Stage01_1,,,8,Char_PECS_Cerberus_N
,Story_Char_PECS_Cerberus_N_31_PECS_MightyR_2,133,1002200443,1002200448,InvenIcon_PECS_MightyR_PS1,2,Story_Char_PECS_Cerberus_N_31_PECS_Sadius_3,Cut_ChCS-35Stage02_1,,,6,Story_Char_PECS_Cerberus_N_31_PECS_Cerberus_1
,Story_Char_PECS_Cerberus_N_31_PECS_Sadius_3,134,1002200444,1002200449,InvenIcon_PECS_Sadius_N,3,Story_Char_PECS_Cerberus_N_31_PECS_Cerberus_4,Cut_ChCS-35Stage03_1,,,6,Story_Char_PECS_Cerberus_N_31_PECS_MightyR_2
,Story_Char_PECS_Cerberus_N_31_PECS_Cerberus_4,135,1002200445,1002200450,InvenIcon_PECS_Cerberus_N,4,Story_Char_PECS_Cerberus_N_31_PECS_Cerberus_5,Cut_ChCS-35Stage04_1,,,6,Story_Char_PECS_Cerberus_N_31_PECS_Sadius_3
,Story_Char_PECS_Cerberus_N_31_PECS_Cerberus_5,136,1002200446,1002200451,InvenIcon_PECS_Cerberus_N,5,,Cut_ChCS-35Stage05_1,,,6,Story_Char_PECS_Cerberus_N_31_PECS_Cerberus_4
,Story_Char_DS_KunoichiEnrai_N_32_DS_KunoichiEnrai_1,137,1002200458,1002200464,InvenIcon_DS_KunoichiEnrai_N,1,Story_Char_DS_KunoichiEnrai_N_32_BR_Hraesvelgr_2,Cut_ChCS-36Stage01_1,,,2,Char_DS_KunoichiEnrai_N
,Story_Char_DS_KunoichiEnrai_N_32_BR_Hraesvelgr_2,138,1002200459,1002200465,InvenIcon_BR_Hraesvelgr_N,2,Story_Char_DS_KunoichiEnrai_N_32_DS_Arman_3,Cut_ChCS-36Stage02_1,,,6,Story_Char_DS_KunoichiEnrai_N_32_DS_KunoichiEnrai_1
,Story_Char_DS_KunoichiEnrai_N_32_DS_Arman_3,139,1002200460,1002200466,InvenIcon_DS_Arman_N,3,Story_Char_DS_KunoichiEnrai_N_32_DS_MoMo_4,Cut_ChCS-36Stage03_1,,,6,Story_Char_DS_KunoichiEnrai_N_32_BR_Hraesvelgr_2
,Story_Char_DS_KunoichiEnrai_N_32_DS_MoMo_4,140,1002200461,1002200467,InvenIcon_DS_MoMo_N,4,Story_Char_DS_KunoichiEnrai_N_32_DS_Baekto_5,Cut_ChCS-36Stage04_1,,,6,Story_Char_DS_KunoichiEnrai_N_32_DS_Arman_3
,Story_Char_DS_KunoichiEnrai_N_32_DS_Baekto_5,141,1002200462,1002200468,InvenIcon_DS_Baekto_N,5,Story_Char_DS_KunoichiEnrai_N_32_DS_KunoichiEnrai_6,Cut_ChCS-36Stage05_1,,,6,Story_Char_DS_KunoichiEnrai_N_32_DS_MoMo_4
,Story_Char_DS_KunoichiEnrai_N_32_DS_KunoichiEnrai_6,142,1002200463,1002200469,InvenIcon_DS_KunoichiEnrai_N,6,,Cut_ChCS-36Stage06_1,,,6,Story_Char_DS_KunoichiEnrai_N_32_DS_Baekto_5
,Story_Char_BR_Valkyrie_N_33_BR_Valkyrie_1,143,1002200477,1002200483,InvenIcon_BR_Valkyrie_N,1,Story_Char_BR_Valkyrie_N_33_BR_Leona_2,Cut_ChCS-37Stage01_1,,,2,Char_BR_Valkyrie_N
,Story_Char_BR_Valkyrie_N_33_BR_Leona_2,144,1002200478,1002200484,InvenIcon_BR_Leona_N,2,Story_Char_BR_Valkyrie_N_33_BR_SandMan_3,Cut_ChCS-37Stage02_1,,,6,Story_Char_BR_Valkyrie_N_33_BR_Valkyrie_1
,Story_Char_BR_Valkyrie_N_33_BR_SandMan_3,145,1002200479,1002200485,InvenIcon_BR_SandMan_N,3,Story_Char_BR_Valkyrie_N_33_BR_Bheur_4,Cut_ChCS-37Stage03_1,,,6,Story_Char_BR_Valkyrie_N_33_BR_Leona_2
,Story_Char_BR_Valkyrie_N_33_BR_Bheur_4,146,1002200480,1002200486,InvenIcon_BR_Bheur_N,4,Story_Char_BR_Valkyrie_N_33_BR_Valkyrie_5,Cut_ChCS-37Stage04_1,,,6,Story_Char_BR_Valkyrie_N_33_BR_SandMan_3
,Story_Char_BR_Valkyrie_N_33_BR_Valkyrie_5,147,1002200481,1002200487,InvenIcon_BR_Valkyrie_N,5,Story_Char_BR_Valkyrie_N_33_BR_Valkyrie_6,Cut_ChCS-37Stage05_1,,,6,Story_Char_BR_Valkyrie_N_33_BR_Bheur_4
,Story_Char_BR_Valkyrie_N_33_BR_Valkyrie_6,148,1002200482,1002200488,InvenIcon_BR_Valkyrie_N,6,,Cut_ChCS-37Stage06_1,,,6,Story_Char_BR_Valkyrie_N_33_BR_Valkyrie_5
,Story_Char_DS_Faucre_N_34_PECS_Erato_1,149,1002200496,1002200500,InvenIcon_PECS_Erato_N,1,Story_Char_DS_Faucre_N_34_AGS_Goltarion_2,Cut_ChCS-38Stage01_1,,,8,Char_DS_Faucre_N
,Story_Char_DS_Faucre_N_34_AGS_Goltarion_2,150,1002200497,1002200501,InvenIcon_AGS_Goltarion_N,2,Story_Char_DS_Faucre_N_34_PECS_Muse_3,Cut_ChCS-38Stage02_1,,,6,Story_Char_DS_Faucre_N_34_PECS_Erato_1
,Story_Char_DS_Faucre_N_34_PECS_Muse_3,151,1002200498,1002200502,InvenIcon_PECS_Muse_N,3,Story_Char_DS_Faucre_N_34_DS_Faucre_4,Cut_ChCS-38Stage03_1,,,6,Story_Char_DS_Faucre_N_34_AGS_Goltarion_2
,Story_Char_DS_Faucre_N_34_DS_Faucre_4,152,1002200499,1002200503,InvenIcon_DS_Faucre_NS3,4,0,Cut_ChCS-38Stage04_1,,,6,Story_Char_DS_Faucre_N_34_PECS_Muse_3
,Story_Char_3P_BlackLilith_N_35_BR_RoyalArsenal_1,153,1002200509,1002200514,InvenIcon_BR_RoyalArsenal_N,1,Story_Char_3P_BlackLilith_N_35_PECS_Audrey_2,Cut_ChCS-39Stage01_1,,,8,Char_3P_BlackLilith_N
,Story_Char_3P_BlackLilith_N_35_PECS_Audrey_2,154,1002200510,1002200515,InvenIcon_PECS_Audrey_N,2,Story_Char_3P_BlackLilith_N_35_DS_BunnySlayer_3,Cut_ChCS-39Stage02_1,,,6,Story_Char_3P_BlackLilith_N_35_BR_RoyalArsenal_1
,Story_Char_3P_BlackLilith_N_35_DS_BunnySlayer_3,155,1002200511,1002200516,InvenIcon_DS_BunnySlayer_N,3,Story_Char_3P_BlackLilith_N_35_3P_BlackLilith_4,Cut_ChCS-39Stage03_1,,,6,Story_Char_3P_BlackLilith_N_35_PECS_Audrey_2
,Story_Char_3P_BlackLilith_N_35_3P_BlackLilith_4,156,1002200512,1002200517,InvenIcon_3P_BlackLilith_NS3,4,Story_Char_3P_BlackLilith_N_35_3P_BlackLilith_5,Cut_ChCS-39Stage04_1,,,6,Story_Char_3P_BlackLilith_N_35_DS_BunnySlayer_3
,Story_Char_3P_BlackLilith_N_35_3P_BlackLilith_5,157,1002200513,1002200518,InvenIcon_3P_BlackLilith_N,5,0,Cut_ChCS-39Stage05_1,,,6,Story_Char_3P_BlackLilith_N_35_3P_BlackLilith_4
,Story_Char_PECS_Sekhmet_N_36_PECS_Sekhmet_1,158,1002200525,1002200530,InvenIcon_PECS_Sekhmet_N,1,Story_Char_PECS_Sekhmet_N_36_BR_Sleipnir_2,Cut_ChCS-40Stage01_1,,,8,Char_PECS_Sekhmet_N
,Story_Char_PECS_Sekhmet_N_36_BR_Sleipnir_2,159,1002200526,1002200531,InvenIcon_BR_Sleipnir_N,2,Story_Char_PECS_Sekhmet_N_36_PECS_Sunny_3,Cut_ChCS-40Stage02_1,,,6,Story_Char_PECS_Sekhmet_N_36_PECS_Sekhmet_1
,Story_Char_PECS_Sekhmet_N_36_PECS_Sunny_3,160,1002200527,1002200532,InvenIcon_PECS_Sunny_N,3,Story_Char_PECS_Sekhmet_N_36_PECS_Sekhmet_4,Cut_ChCS-40Stage03_1,,,6,Story_Char_PECS_Sekhmet_N_36_BR_Sleipnir_2
,Story_Char_PECS_Sekhmet_N_36_PECS_Sekhmet_4,161,1002200528,1002200533,InvenIcon_PECS_Sekhmet_N,4,Story_Char_PECS_Sekhmet_N_36_PECS_Sekhmet_5,Cut_ChCS-40Stage04_1,,,6,Story_Char_PECS_Sekhmet_N_36_PECS_Sunny_3
,Story_Char_PECS_Sekhmet_N_36_PECS_Sekhmet_5,162,1002200529,1002200534,InvenIcon_PECS_Sekhmet_NS1,5,0,Cut_ChCS-40Stage05_1,,,6,Story_Char_PECS_Sekhmet_N_36_PECS_Sekhmet_4
,Story_Char_3P_Eternity_N_37_PECS_Azaz_1,163,1002200541,1002200545,InvenIcon_PECS_Azaz_N,1,Story_Char_3P_Eternity_N_37_3P_Sowan_2,Cut_ChCS-41Stage01_1,,,8,Char_3P_Eternity_N
,Story_Char_3P_Eternity_N_37_3P_Sowan_2,164,1002200542,1002200546,InvenIcon_3P_Sowan_N,2,Story_Char_3P_Eternity_N_37_PECS_Draculina_3,Cut_ChCS-41Stage02_1,,,6,Story_Char_3P_Eternity_N_37_PECS_Azaz_1
,Story_Char_3P_Eternity_N_37_PECS_Draculina_3,165,1002200543,1002200547,InvenIcon_PECS_Draculina_N,3,Story_Char_3P_Eternity_N_37_3P_Eternity_4,Cut_ChCS-41Stage03_1,,,6,Story_Char_3P_Eternity_N_37_3P_Sowan_2
,Story_Char_3P_Eternity_N_37_3P_Eternity_4,166,1002200544,1002200548,InvenIcon_3P_Eternity_NS3,4,0,Cut_ChCS-41Stage04_1,,,6,Story_Char_3P_Eternity_N_37_PECS_Draculina_3
,Story_Char_BR_Wraithy_N_38_BR_Wraithy_1,168,1002200554,1002200559,InvenIcon_BR_Wraithy_N,1,Story_Char_BR_Wraithy_N_38_BR_Neodym_2,Cut_ChCS-42Stage01_1,,,8,Char_BR_Wraithy_N
,Story_Char_BR_Wraithy_N_38_BR_Neodym_2,169,1002200555,1002200560,InvenIcon_BR_Neodym_N,2,Story_Char_BR_Wraithy_N_38_BR_Amy_3,Cut_ChCS-42Stage02_1,,,6,Story_Char_BR_Wraithy_N_38_BR_Wraithy_1
,Story_Char_BR_Wraithy_N_38_BR_Amy_3,170,1002200556,1002200561,InvenIcon_BR_Amy_N,3,Story_Char_BR_Wraithy_N_38_BR_Echidna_4,Cut_ChCS-42Stage03_1,,,6,Story_Char_BR_Wraithy_N_38_BR_Neodym_2
,Story_Char_BR_Wraithy_N_38_BR_Echidna_4,171,1002200557,1002200562,InvenIcon_BR_Echidna_N,4,Story_Char_BR_Wraithy_N_38_BR_Wraithy_5,Cut_ChCS-42Stage04_1,,,6,Story_Char_BR_Wraithy_N_38_BR_Amy_3
,Story_Char_BR_Wraithy_N_38_BR_Wraithy_5,172,1002200558,1002200563,InvenIcon_BR_Wraithy_NS2,5,0,Cut_ChCS-42Stage05_1,,,6,Story_Char_BR_Wraithy_N_38_BR_Echidna_4
,Story_Char_BR_DrM_N_39_BR_Ellie_1,173,1002200573,1002200578,InvenIcon_BR_Ellie_N,1,Story_Char_BR_DrM_N_39_BR_NickyTracy_2,Cut_ChCS-43Stage01_1,,,2,Char_BR_DrM_N
,Story_Char_BR_DrM_N_39_BR_NickyTracy_2,174,1002200574,1002200579,InvenIcon_BR_NickyTracy_N,2,Story_Char_BR_DrM_N_39_BR_Amy_3,Cut_ChCS-43Stage02_1,,,6,Story_Char_BR_DrM_N_39_BR_Ellie_1
,Story_Char_BR_DrM_N_39_BR_Amy_3,175,1002200575,1002200580,InvenIcon_BR_Amy_N,3,Story_Char_BR_DrM_N_39_BR_Tomoe_4,Cut_ChCS-43Stage03_1,,,6,Story_Char_BR_DrM_N_39_BR_NickyTracy_2
,Story_Char_BR_DrM_N_39_BR_Tomoe_4,176,1002200576,1002200581,InvenIcon_BR_Tomoe_N,4,Story_Char_BR_DrM_N_39_BR_Shirayuri_5,Cut_ChCS-43Stage04_1,,,6,Story_Char_BR_DrM_N_39_BR_Amy_3
,Story_Char_BR_DrM_N_39_BR_Shirayuri_5,177,1002200577,1002200582,InvenIcon_BR_Shirayuri_N,5,0,Cut_ChCS-43Stage05_1,,,6,Story_Char_BR_DrM_N_39_BR_Tomoe_4
,Story_Char_BR_AS12TurtleDragon_N_40_PECS_PuppHead_1,178,1002200588,1002200593,InvenIcon_PECS_PuppHead_N,1,Story_Char_BR_AS12TurtleDragon_N_40_DS_Charlotte_2,Cut_ChCS-44Stage01_1,,,2,Char_BR_AS12TurtleDragon_N
,Story_Char_BR_AS12TurtleDragon_N_40_DS_Charlotte_2,179,1002200589,1002200594,InvenIcon_DS_Charlotte_N,2,Story_Char_BR_AS12TurtleDragon_N_40_BR_AS12TurtleDragon_3,Cut_ChCS-44Stage02_1,,,6,Story_Char_BR_AS12TurtleDragon_N_40_PECS_PuppHead_1
,Story_Char_BR_AS12TurtleDragon_N_40_BR_AS12TurtleDragon_3,180,1002200590,1002200595,InvenIcon_BR_AS12TurtleDragon_N,3,Story_Char_BR_AS12TurtleDragon_N_40_BR_Miho_4,Cut_ChCS-44Stage03_1,,,6,Story_Char_BR_AS12TurtleDragon_N_40_DS_Charlotte_2
,Story_Char_BR_AS12TurtleDragon_N_40_BR_Miho_4,181,1002200591,1002200596,InvenIcon_BR_Miho_N,4,Story_Char_BR_AS12TurtleDragon_N_40_BR_AS12TurtleDragon_5,Cut_ChCS-44Stage04_1,,,6,Story_Char_BR_AS12TurtleDragon_N_40_BR_AS12TurtleDragon_3
,Story_Char_BR_AS12TurtleDragon_N_40_BR_AS12TurtleDragon_5,182,1002200592,1002200597,InvenIcon_BR_AS12TurtleDragon_N,5,0,Cut_ChCS-44Stage05_1,,,6,Story_Char_BR_AS12TurtleDragon_N_40_BR_Miho_4
,Story_Char_AGS_RheinRitter_N_41_PECS_Azaz_1,183,1002200603,1002200607,InvenIcon_PECS_Azaz_N,1,Story_Char_AGS_RheinRitter_N_41_AGS_RheinRitter_2,Cut_ChCS-45Stage01_1,,,2,Char_AGS_RheinRitter_N
,Story_Char_AGS_RheinRitter_N_41_AGS_RheinRitter_2,184,1002200604,1002200608,InvenIcon_AGS_RheinRitter_N,2,Story_Char_AGS_RheinRitter_N_41_AGS_RheinRitter_3,Cut_ChCS-45Stage02_1,Cut_ChCS-45Stage02_2,ChCS-15Stage01,6,Story_Char_AGS_RheinRitter_N_41_PECS_Azaz_1
,Story_Char_AGS_RheinRitter_N_41_AGS_RheinRitter_3,185,1002200605,1002200609,InvenIcon_AGS_RheinRitter_NS1,3,Story_Char_AGS_RheinRitter_N_41_AGS_RheinRitter_4,Cut_ChCS-45Stage03_1,,,6,Story_Char_AGS_RheinRitter_N_41_AGS_RheinRitter_2
,Story_Char_AGS_RheinRitter_N_41_AGS_RheinRitter_4,186,1002200606,1002200610,InvenIcon_AGS_RheinRitter_NS1,4,0,Cut_ChCS-45Stage04_1,Cut_ChCS-45Stage04_2,ChCS-15Stage02,6,Story_Char_AGS_RheinRitter_N_41_AGS_RheinRitter_3
,Story_Char_BR_Brunhild_N_42_BR_Brunhild_1,187,1000683934,1000683938,InvenIcon_BR_Brunhild_N,1,Story_Char_BR_AS12TurtleDragon_N_40_DS_Charlotte_2,Cut_ChCS-46Stage01_1,,,2,Char_BR_Brunhild_N
,Story_Char_BR_Brunhild_N_42_PECS_CyclopsePrincess_2,188,1000683935,1000683939,InvenIcon_PECS_CyclopsePrincess_N,2,Story_Char_BR_AS12TurtleDragon_N_40_BR_AS12TurtleDragon_3,Cut_ChCS-46Stage02_1,,,6,Story_Char_BR_Brunhild_N_42_BR_Brunhild_1
,Story_Char_BR_Brunhild_N_42_BR_Brunhild_3,189,1000683936,1000683940,InvenIcon_BR_Brunhild_N,3,Story_Char_BR_AS12TurtleDragon_N_40_BR_Miho_4,Cut_ChCS-46Stage03_1,,,6,Story_Char_BR_Brunhild_N_42_PECS_CyclopsePrincess_2
,Story_Char_BR_Brunhild_N_42_BR_Neodym_4,190,1000683937,1000683941,InvenIcon_BR_Neodym_N,4,0,Cut_ChCS-46Stage04_1,,,6,Story_Char_BR_Brunhild_N_42_BR_Brunhild_3
,Story_Char_BR_InvDragon_N_43_BR_Sirene_1,191,1000684475,1000684480,InvenIcon_BR_Sirene_NS2,1,Story_Char_BR_InvDragon_N_43_BR_Thetis_2,Cut_ChCS-47Stage01_1,,,2,Char_BR_InvDragon_N
,Story_Char_BR_InvDragon_N_43_BR_Thetis_2,192,1000684476,1000684481,InvenIcon_BR_Thetis_NS2,2,Story_Char_BR_InvDragon_N_43_BR_Nereid_3,Cut_ChCS-47Stage02_1,,,6,Story_Char_BR_InvDragon_N_43_BR_Sirene_1
,Story_Char_BR_InvDragon_N_43_BR_Nereid_3,193,1000684477,1000684482,InvenIcon_BR_Nereid_NS2,3,Story_Char_BR_InvDragon_N_43_BR_Undine_4,Cut_ChCS-47Stage03_1,,,6,Story_Char_BR_InvDragon_N_43_BR_Thetis_2
,Story_Char_BR_InvDragon_N_43_BR_Undine_4,194,1000684478,1000684483,InvenIcon_BR_Undine_NS2,4,Story_Char_BR_InvDragon_N_43_BR_InvDragon_5,Cut_ChCS-47Stage04_1,,,6,Story_Char_BR_InvDragon_N_43_BR_Nereid_3
,Story_Char_BR_InvDragon_N_43_BR_InvDragon_5,195,1000684479,1000684484,InvenIcon_BR_InvDragon_NS3,5,0,Cut_ChCS-47Stage05_1,,,6,Story_Char_BR_InvDragon_N_43_BR_Undine_4
,Story_Char_AGS_SpartanA_N_44_PECS_PuppHead_1,196,1002200617,1002200621,InvenIcon_PECS_PuppHead_N,1,Story_Char_AGS_SpartanA_N_44_BR_WarWolf_2,Cut_ChCS-48Stage01_1,,,2,Char_AGS_SpartanA_N
,Story_Char_AGS_SpartanA_N_44_BR_WarWolf_2,197,1002200618,1002200622,InvenIcon_BR_WarWolf_N,2,Story_Char_AGS_SpartanA_N_44_AGS_Roc_3,Cut_ChCS-48Stage02_1,,,6,Story_Char_AGS_SpartanA_N_44_PECS_PuppHead_1
,Story_Char_AGS_SpartanA_N_44_AGS_Roc_3,198,1002200619,1002200623,InvenIcon_AGS_Roc_N,3,Story_Char_AGS_SpartanA_N_44_AGS_SpartanA_4,Cut_ChCS-48Stage03_1,,,6,Story_Char_AGS_SpartanA_N_44_BR_WarWolf_2
,Story_Char_AGS_SpartanA_N_44_AGS_SpartanA_4,199,1002200620,1002200624,InvenIcon_AGS_SpartanA_N,4,0,Cut_ChCS-48Stage04_1,,,6,Story_Char_AGS_SpartanA_N_44_AGS_Roc_3
,Story_Char_PECS_DutchGirl_N_45_PECS_DutchGirl_1,200,1002200630,1002200635,InvenIcon_PECS_DutchGirl_N,1,Story_Char_PECS_DutchGirl_N_43_PECS_DutchGirl_2,Cut_ChCS-50Stage01_1,,,2,Char_PECS_DutchGirl_N
,Story_Char_PECS_DutchGirl_N_45_PECS_DutchGirl_2,201,1002200631,1002200636,InvenIcon_PECS_DutchGirl_N,2,Story_Char_PECS_DutchGirl_N_43_PECS_DutchGirl_3,Cut_ChCS-50Stage02_1,,,6,Story_Char_PECS_DutchGirl_N_45_PECS_DutchGirl_1
,Story_Char_PECS_DutchGirl_N_45_PECS_DutchGirl_3,202,1002200632,1002200637,InvenIcon_PECS_DutchGirl_N,3,Story_Char_PECS_DutchGirl_N_43_PECS_DutchGirl_4,Cut_ChCS-50Stage03_1,,,6,Story_Char_PECS_DutchGirl_N_45_PECS_DutchGirl_2
,Story_Char_PECS_DutchGirl_N_45_PECS_DutchGirl_4,203,1002200633,1002200638,InvenIcon_PECS_DutchGirl_N,4,Story_Char_PECS_DutchGirl_N_43_PECS_Circe_5,Cut_ChCS-50Stage04_1,,,6,Story_Char_PECS_DutchGirl_N_45_PECS_DutchGirl_3
,Story_Char_PECS_DutchGirl_N_45_PECS_Circe_5,204,1002200634,1002200639,InvenIcon_PECS_Circe_N,5,0,Cut_ChCS-50Stage05_1,,,6,Story_Char_PECS_DutchGirl_N_45_PECS_DutchGirl_4
,Story_Char_BR_Uroborus_N_46_BR_Sleipnir_1,205,1002200646,1002200653,InvenIcon_BR_Sleipnir_N,1,Story_Char_BR_Uroborus_N_46_BR_PA00EL_2,Cut_ChCS-51Stage01_1,,,2,Char_BR_Uroborus_N
,Story_Char_BR_Uroborus_N_46_BR_PA00EL_2,206,1002200647,1002200654,InvenIcon_BR_PA00EL_N,2,Story_Char_BR_Uroborus_N_46_BR_Harpy_3,Cut_ChCS-51Stage02_1,,,6,Story_Char_BR_Uroborus_N_46_BR_Sleipnir_1
,Story_Char_BR_Uroborus_N_46_BR_Harpy_3,207,1002200648,1002200655,InvenIcon_BR_Harpy_N,3,Story_Char_BR_Uroborus_N_46_BR_Blackhound_4,Cut_ChCS-51Stage03_1,,,6,Story_Char_BR_Uroborus_N_46_BR_PA00EL_2
,Story_Char_BR_Uroborus_N_46_BR_Blackhound_4,208,1002200649,1002200656,InvenIcon_BR_Blackhound_N,4,Story_Char_BR_Uroborus_N_46_BR_Lindwurm_5,Cut_ChCS-51Stage04_1,,,6,Story_Char_BR_Uroborus_N_46_BR_Harpy_3
,Story_Char_BR_Uroborus_N_46_BR_Lindwurm_5,209,1002200650,1002200657,InvenIcon_BR_Lindwurm_N,5,Story_Char_BR_Uroborus_N_46_BR_Hraesvelgr_6,Cut_ChCS-51Stage05_1,,,6,Story_Char_BR_Uroborus_N_46_BR_Blackhound_4
,Story_Char_BR_Uroborus_N_46_BR_Hraesvelgr_6,210,1002200651,1002200658,InvenIcon_BR_Hraesvelgr_N,6,Story_Char_BR_Uroborus_N_46_BR_Uroborus_7,Cut_ChCS-51Stage06_1,,,6,Story_Char_BR_Uroborus_N_46_BR_Lindwurm_5
,Story_Char_BR_Uroborus_N_46_BR_Uroborus_7,211,1002200652,1002200659,InvenIcon_BR_Uroborus_N,7,0,Cut_ChCS-51Stage07_1,,,6,Story_Char_BR_Uroborus_N_46_BR_Hraesvelgr_6
,Story_Char_3P_Hirume_N_47_3P_Hirume_1,212,1002200667,1002200673,InvenIcon_3P_Hirume_NS3,1,Story_Char_3P_Hirume_N_47_PECS_Leanne_2,Cut_ChCS-49Stage01_1,,,8,Char_3P_Hirume_N
,Story_Char_3P_Hirume_N_47_PECS_Leanne_2,213,1002200668,1002200674,InvenIcon_PECS_Leanne_N,2,Story_Char_3P_Hirume_N_47_BR_Marie_3,Cut_ChCS-49Stage02_1,,,6,Story_Char_3P_Hirume_N_47_3P_Hirume_1
,Story_Char_3P_Hirume_N_47_BR_Marie_3,214,1002200669,1002200675,InvenIcon_BR_Marie_NS1,3,Story_Char_3P_Hirume_N_47_3P_Hirume_4,Cut_ChCS-49Stage03_1,,,6,Story_Char_3P_Hirume_N_47_PECS_Leanne_2
,Story_Char_3P_Hirume_N_47_3P_Hirume_4,215,1002200670,1002200676,InvenIcon_3P_Hirume_NS3,4,Story_Char_3P_Hirume_N_47_PECS_Spartoia_5,Cut_ChCS-49Stage04_1,,,6,Story_Char_3P_Hirume_N_47_BR_Marie_3
,Story_Char_3P_Hirume_N_47_PECS_Spartoia_5,216,1002200671,1002200677,InvenIcon_PECS_Spartoia_NS1,5,Story_Char_3P_Hirume_N_47_3P_Hirume_6,Cut_ChCS-49Stage05_1,,,6,Story_Char_3P_Hirume_N_47_3P_Hirume_4
,Story_Char_3P_Hirume_N_47_3P_Hirume_6,217,1002200672,1002200678,InvenIcon_3P_Hirume_NS3,6,0,Cut_ChCS-49Stage06_1,,,6,Story_Char_3P_Hirume_N_47_PECS_Spartoia_5
,Story_Char_BR_Andvari_N_48_BR_Alvis_1,218,1002200686,1002200691,InvenIcon_BR_Alvis_N,1,Story_Char_BR_Andvari_N_48_BR_Andvari_2,Cut_ChCS-52Stage01_1,,,2,Char_BR_Andvari_N
,Story_Char_BR_Andvari_N_48_BR_Andvari_2,219,1002200687,1002200692,InvenIcon_BR_Andvari_N,2,Story_Char_BR_Andvari_N_48_BR_Alvis_3,Cut_ChCS-52Stage02_1,,,6,Story_Char_BR_Andvari_N_48_BR_Alvis_1
,Story_Char_BR_Andvari_N_48_BR_Alvis_3,220,1002200688,1002200693,InvenIcon_BR_Alvis_NS2,3,Story_Char_BR_Andvari_N_48_BR_Nymph_4,Cut_ChCS-52Stage03_1,,,6,Story_Char_BR_Andvari_N_48_BR_Andvari_2
,Story_Char_BR_Andvari_N_48_BR_Nymph_4,221,1002200689,1002200694,InvenIcon_BR_Nymph_N,4,Story_Char_BR_Andvari_N_48_BR_Andvari_5,Cut_ChCS-52Stage04_1,,,6,Story_Char_BR_Andvari_N_48_BR_Alvis_3
,Story_Char_BR_Andvari_N_48_BR_Andvari_5,222,1002200690,1002200695,InvenIcon_BR_Andvari_NS3,5,0,Cut_ChCS-52Stage05_1,,,6,Story_Char_BR_Andvari_N_48_BR_Nymph_4
,Story_Char_3P_ScissorsLise_N_49_3P_Daphne_1,223,1002200702,1002200707,InvenIcon_3P_Daphne_N,1,Story_Char_3P_ScissorsLise_N_49_PECS_TaylorClothcut_2,Cut_ChCS-53Stage01_1,,,8,Char_3P_ScissorsLise_N
,Story_Char_3P_ScissorsLise_N_49_PECS_TaylorClothcut_2,224,1002200703,1002200708,InvenIcon_PECS_TaylorClothcut_N,2,Story_Char_3P_ScissorsLise_N_49_PECS_Tiequan_3,Cut_ChCS-53Stage02_1,,,6,Story_Char_3P_ScissorsLise_N_49_3P_Daphne_1
,Story_Char_3P_ScissorsLise_N_49_PECS_Tiequan_3,225,1002200704,1002200709,InvenIcon_PECS_Tiequan_NS1,3,Story_Char_3P_ScissorsLise_N_49_3P_Rhea_4,Cut_ChCS-53Stage03_1,,,6,Story_Char_3P_ScissorsLise_N_49_PECS_TaylorClothcut_2
,Story_Char_3P_ScissorsLise_N_49_3P_Rhea_4,226,1002200705,1002200710,InvenIcon_3P_Rhea_N,4,Story_Char_3P_ScissorsLise_N_49_3P_ScissorsLise_5,Cut_ChCS-53Stage04_1,,,6,Story_Char_3P_ScissorsLise_N_49_PECS_Tiequan_3
,Story_Char_3P_ScissorsLise_N_49_3P_ScissorsLise_5,227,1002200706,1002200711,InvenIcon_3P_ScissorsLise_NS3,5,0,Cut_ChCS-53Stage05_1,,,6,Story_Char_3P_ScissorsLise_N_49_3P_Rhea_4
,Story_Char_BR_Vargr_N_50_BR_JangHwa_1,228,1002200718,1002200724,InvenIcon_BR_JangHwa_NS1,1,Story_Char_BR_Vargr_N_50_BR_Vargr_2,Cut_ChCS-54Stage01_1,,,2,Char_3P_ConstantiaS2_N
,Story_Char_BR_Vargr_N_50_BR_Vargr_2,229,1002200719,1002200725,InvenIcon_BR_Vargr_NS1,2,Story_Char_BR_Vargr_N_50_BR_Cheona_3,Cut_ChCS-54Stage02_1,,,6,Story_Char_BR_Vargr_N_50_BR_JangHwa_1
,Story_Char_BR_Vargr_N_50_BR_Cheona_3,230,1002200720,1002200726,InvenIcon_BR_Cheona_NS1,3,Story_Char_BR_Vargr_N_50_PECS_Merlin_4,Cut_ChCS-54Stage03_1,,,6,Story_Char_BR_Vargr_N_50_BR_Vargr_2
,Story_Char_BR_Vargr_N_50_PECS_Merlin_4,231,1002200721,1002200727,InvenIcon_PECS_Merlin_N,4,Story_Char_BR_Vargr_N_50_BR_Vargr_5,Cut_ChCS-54Stage04_1,,,6,Story_Char_BR_Vargr_N_50_BR_Cheona_3
,Story_Char_BR_Vargr_N_50_BR_Vargr_5,232,1002200722,1002200728,InvenIcon_BR_Vargr_NS2,5,Story_Char_BR_Vargr_N_50_BR_Vargr_6,Cut_ChCS-54Stage05_1,,,6,Story_Char_BR_Vargr_N_50_PECS_Merlin_4
,Story_Char_BR_Vargr_N_50_BR_Vargr_6,233,1002200723,1002200729,InvenIcon_BR_Vargr_NS2,6,0,Cut_ChCS-54Stage06_1,,,6,Story_Char_BR_Vargr_N_50_BR_Vargr_5
,Story_Char_PECS_BlindPrincess_N_51_PECS_Merlin_1,234,1002200737,1002200743,InvenIcon_PECS_Merlin_N,1,Story_Char_PECS_BlindPrincess_N_51_AGS_Goltarion_2,Cut_ChCS-55Stage01_1,,,8,Char_PECS_BlindPrincess_N
,Story_Char_PECS_BlindPrincess_N_51_AGS_Goltarion_2,235,1002200738,1002200744,InvenIcon_AGS_Goltarion_N,2,Story_Char_PECS_BlindPrincess_N_51_PECS_BlindPrincess_3,Cut_ChCS-55Stage02_1,,,6,Story_Char_PECS_BlindPrincess_N_51_PECS_Merlin_1
,Story_Char_PECS_BlindPrincess_N_51_PECS_BlindPrincess_3,236,1002200739,1002200745,InvenIcon_PECS_BlindPrincess_N,3,Story_Char_PECS_BlindPrincess_N_51_PECS_Erato_4,Cut_ChCS-55Stage03_1,,,6,Story_Char_PECS_BlindPrincess_N_51_AGS_Goltarion_2
,Story_Char_PECS_BlindPrincess_N_51_PECS_Erato_4,237,1002200740,1002200746,InvenIcon_PECS_Erato_N,4,Story_Char_PECS_BlindPrincess_N_51_PECS_BlindPrincess_5,Cut_ChCS-55Stage04_1,,,6,Story_Char_PECS_BlindPrincess_N_51_PECS_BlindPrincess_3
,Story_Char_PECS_BlindPrincess_N_51_PECS_BlindPrincess_5,238,1002200741,1002200747,InvenIcon_PECS_BlindPrincess_NS1,5,Story_Char_PECS_BlindPrincess_N_51_PECS_BlindPrincess_6,Cut_ChCS-55Stage05_1,,,6,Story_Char_PECS_BlindPrincess_N_51_PECS_Erato_4
,Story_Char_PECS_BlindPrincess_N_51_PECS_BlindPrincess_6,239,1002200742,1002200748,InvenIcon_PECS_BlindPrincess_NS1,6,0,Cut_ChCS-55Stage06_1,,,6,Story_Char_PECS_BlindPrincess_N_51_PECS_BlindPrincess_5
,Story_Char_BR_HongRyun_N_52_BR_Amy_1,240,1002200756,1002200762,InvenIcon_BR_Amy_N,1,Story_Char_BR_HongRyun_N_52_BR_AS12TurtleDragon_2,Cut_ChCS-56Stage01_1,,,2,Char_BR_HongRyun_N
,Story_Char_BR_HongRyun_N_52_BR_AS12TurtleDragon_2,241,1002200757,1002200763,InvenIcon_BR_AS12TurtleDragon_N,2,Story_Char_BR_HongRyun_N_52_PECS_Leanne_3,Cut_ChCS-56Stage02_1,,,6,Story_Char_BR_HongRyun_N_52_BR_Amy_1
,Story_Char_BR_HongRyun_N_52_PECS_Leanne_3,242,1002200758,1002200764,InvenIcon_PECS_Leanne_N,3,Story_Char_BR_HongRyun_N_52_BR_HongRyun_4,Cut_ChCS-56Stage03_1,,,6,Story_Char_BR_HongRyun_N_52_BR_AS12TurtleDragon_2
,Story_Char_BR_HongRyun_N_52_BR_HongRyun_4,243,1002200759,1002200765,InvenIcon_BR_HongRyun_N,4,Story_Char_BR_HongRyun_N_52_BR_Miho_5,Cut_ChCS-56Stage04_1,,,6,Story_Char_BR_HongRyun_N_52_PECS_Leanne_3
,Story_Char_BR_HongRyun_N_52_BR_Miho_5,244,1002200760,1002200766,InvenIcon_BR_Miho_N,5,Story_Char_BR_HongRyun_N_52_BR_HongRyun_6,Cut_ChCS-56Stage05_1,,,6,Story_Char_BR_HongRyun_N_52_BR_HongRyun_4
,Story_Char_BR_HongRyun_N_52_BR_HongRyun_6,245,1002200761,1002200767,InvenIcon_BR_HongRyun_NS4,6,0,Cut_ChCS-56Stage06_1,,,6,Story_Char_BR_HongRyun_N_52_BR_Miho_5
,Story_Char_DS_KunoichiEnrai_N_53_DS_Cloverace_1,246,1002200774,1002200779,InvenIcon_DS_Cloverace_N,1,Story_Char_DS_KunoichiEnrai_N_53_AGS_RheinRitter_2,Cut_ChCS-57Stage01_1,,,2,Char_DS_KunoichiEnrai_N
,Story_Char_DS_KunoichiEnrai_N_53_AGS_RheinRitter_2,247,1002200775,1002200780,InvenIcon_AGS_RheinRitter_N,2,Story_Char_DS_KunoichiEnrai_N_53_PECS_Babariana_3,Cut_ChCS-57Stage02_1,,,6,Story_Char_DS_KunoichiEnrai_N_53_DS_Cloverace_1
,Story_Char_DS_KunoichiEnrai_N_53_PECS_Babariana_3,248,1002200776,1002200781,InvenIcon_PECS_Babariana_N,3,Story_Char_DS_KunoichiEnrai_N_53_DS_Baekto_4,Cut_ChCS-57Stage03_1,,,6,Story_Char_DS_KunoichiEnrai_N_53_AGS_RheinRitter_2
,Story_Char_DS_KunoichiEnrai_N_53_DS_Baekto_4,249,1002200777,1002200782,InvenIcon_DS_Baekto_N,4,Story_Char_DS_KunoichiEnrai_N_53_DS_KunoichiEnrai_5,Cut_ChCS-57Stage04_1,,,6,Story_Char_DS_KunoichiEnrai_N_53_PECS_Babariana_3
,Story_Char_DS_KunoichiEnrai_N_53_DS_KunoichiEnrai_5,250,1002200778,1002200783,InvenIcon_DS_KunoichiEnrai_NS1,5,0,Cut_ChCS-57Stage05_1,,,6,Story_Char_DS_KunoichiEnrai_N_53_DS_Baekto_4
